key,source,target
/63E7E67946CEF4D3E754CAB8C027670D,"   . . .",
/3C8A731D42BDD3D762EBD6A7EC214ADA," {0} ",
/DB5B872C419D2B622655018813AFCBBF," {log} ",
/0BB4C1A1486297BDD5866A9D2DF2A958,!,
/26B8713448CE68DE600BDC81429BD16C,!,
/13F688114CBFE54FEC7A179AD8666233,"""Seawall""",
/5FC8BE0D4E83F9A29DC4D5AC5B57A863,*** Welcome to Vancouver Public Terminal ***,
/30C4DBB54C962FD891B3F58F6205DB58,0,
/6252476E4653C099BA5821A9E4EF8282,0,
/A7FB1F03415919898CB8BE83FCBBA4F3,0,
/314DEFF749E80889619455A74A908F52,1,
/44A304A146BD12791288F5BD7E9049ED,1,
/D71D793246780000EDE8C38A2BABB7C5,1,
/D8D44B14451CD0031D16BAAEA211CC16,1,
/048719714785B398034D2E9FD6E08E50,2,
/29CFFDCA49FAEB34B9BDC4B83FC980C0,2,
/93E7EBBA4DAE4F2F499847936113FAE1,2,
/EE781552452F285016486BAC163DE74B,22:45:21,
/0FC2F1C84F73B383AC3E3BBDBB8E84B9,3,
/2A360D3540BCA2E76FD33394C02B9A4E,3,
/913E377B4E843CEF1E8F0BB6F0A67047,3,
/CFDF1E364ED6458C5B6B7D924B7C01A5,3,
/01D8C6A54D029D7C18FB21B2FB20E8CA,30 кадров/с,
/3A54018847DE32AE7A68B9B0111992C5,4,
/7D912B5C4F721280CC015EA9C32E5680,4,
/9B4194E9450F28533183CA8E64103F06,4,
/500C934A47F972E513B6E3A24992158F,5,
/8D91DCE64AA7BC80A09A2EA36A26E2DE,5,
/B5EE6CDD4BBB5371AF1C87A5279E9326,5,
/8835AEE94DB6BD783D92999378A5BC68,51,
/F7EAD3794ED19E3BF02AC38FB4E8D849,513842,
/E736D7954F075720D45652BFFA3C51D8,6,
/E542E75048FE7059DD99289B1A4DFB55,60 кадров/с,
/0B99D3B443AB4F0E618A07977D47E3A1,7,
/EEEDAE2448C4A01D5681B7AADFCA8833,8,
/FBA3B1044BDD5221655E9EBF1821EA59,9,
/6CBDE1A844E7FA7B2A29BA999AC2C64D,АКТ I,
/B00DF5F5423A3AA152307E9F704E0784,АКТ I,
/E3A26A7147138BF30255318DE46FD78B,АКТ II,
/DA95260F41328707DD503F932BF16D75,АКТ III,
/60877A4F412AAB90776D2DBAD600458E,АКТ IV,
/C0BAF4764ACDC409AB184AA493A1EFC5,АКТ V,
/9E63DA6F414F2A211A71C4847440D867,ЗВУК,
/8091A0D9417C6E062F744382B659F56A,Add all items,
/F6D69A4245BAF0A0A346BB8BB4571CBA,Add all logs,
/6C7A475A4A2E85F87071569FEDF11D57,Add item,
/6A90ABEF4A8CCE1805F588A468A913EA,Add log,
/88CCAEE2443EF32FA8EF65ABD57EFF2F,Add objective,
/DE34F0B04EAB7722516F698B3FD834A1,"Adum YMS
Aleksander P.
Aleksandra & Pavel Aliev
Aleksei Kozlov
Alexander Dashevskiy
Alex Bertram-Powell
Alexia Christofi
Alexis Garavaryan
Alex Nicholson
Andrei Barkov
Anna Bo
Astrid Mie
Beckie Frary
Bertine van Hövell
Brian Woodruff
Brook Jensen
Callum Underwood
Cal Ward
Casey Explosion
Charlie Kaufman
Chris Priestman
Dan Harmon
Daniel Finke
Danielle Woodford
Danny O’Dwyer
Dara Zappfa
Dave Gilbert",
/7BDEA07C4748BA1A571FA7BD8DEB361E,Aleksandra Korabelnikova,
/E7F096D44E1908BB39E912AF472AA1AD,Aleksei Kozlov,
/3701D9EB455EDC4937F4128B6D8008AB,Alex Grade,
/594D41E24293E671B3629C8DE457CF2E,Alex Penney,
/F99A5D364F299C28DBA35BBE1C7A281A,Alexander Kolchin,
/634CAE8B47ED2DCC14F96ABE31A68FBE,Alexander Preymak,
/DFF820C74CBE11E342E46A9CEF87D30A,"All material is protected by copyright laws of all countries thoughout the world.

The Story, all nymes, characters and incidents portrayed in this game are fictious. No identification with actual person and products is intended or should be inferred.",
/6A51C158482B9FD03C51CC898DDDBA20,Фон,
/6748F77746510361D0C92F9B6AEA75B4,Anastasia (Sonya) Prileptseva,
/D6E653D54BCB974DE9B7E6B22DC68BB4,And the name of your partner     stamped just underneath it! T-O-L-Y!,
/5A92E68E46E6BA36FF169C9ACD61E89C,Antonina Shipulina,
/55790D6345195E164ADC50B32014136D,"Anyway, do your thing and get lost.",
/90B012474A76C840FBB2AE862398D297,Применить,
/DFC8208048EB4E8D79B1388BD103D20F,Вы уверены что хотите выйти?,
/0990D4D54D8198535455C689AB68FE7A,"Вы уверены что хотите начать новую игру?
Текущий процесс будет потерян",
/1808B83C4AC9E7420809BA96001BF5D0,Arina Bedrina,
/0F96E1FB420AEEF8476A84BD92F08F76,Arooj Aftab,
/B907C5C849CCD5301E8062B0FE669AE1,Artem Pisarev,
/4B04B079441167496712B6B27370B6A8,"Asher
Big Gay Skeleton
Cinogard
Cockatrice
Crossover
Devi 
Dubwolfer
Duck
Guse",
/D51E1A934B609E54B5A9A68EA78139DA,"At any time during the game, you can switch between
the primary language and the secondary language.",
/EDD40AEA43692F893FF918A00E3FD7E0,AudioSettings,
/4FC8D13C40874B73D5B710A3A666764A,Auto-save Feature,
/7BD512014FF72B4567FD4CAC2E8BD42A,НАЗАД,
/8AFCB2E94CF8B21574075CB218A66EAE,Назад,
/9E87224B495982A270C7AB9170F55DED,"Because best friends don’t need to tip, Anatoly. It’d be impolite.",
/90D406694968A7480E6FC190C387FC68,"Best friend? Sure! But if you’re my best customer, how come you don’t tip?",
/3EEFC5594EF10984088A7B8D12658807,Bla out! Bla out! Bla out! Bla out! Bla out! Bla out!,
/67A3CB3342C201E6179CEBBB4228857A,Bla-bla bla.....,
/9FD117164E45C24004467F9F857E6584,BottomCenter,
/B2C4BB294BCCC3B030895A9498AE547C,BottomLeft,
/427FE8204E0AE996ED52A887197A45B5,BottomRight,
/08C79C2745A9AA4A355E78A78934BE79,"Bye, I'll be back later.",
/8F6B8C5B41890A43DC1E5C9AED641263,"Bye, I'll be back later.",
/8022E6784AE654CA915410A266B630E8,C L A R I S S A,
/909961F949B7AD792CACD1ACE26F6BFA,ЗАКРЫТЬ,
/5AC35BF7416D5D6E665A2891CFB1F3A7,ПРОДОЛЖИТЬ,
/832BFD734589A4EF4C6574825B95818D,ПРОДОЛЖИТЬ,
/AA15496F4C15CB46EDE3E79312961ECF,КОНТРОЛЛЕР,
/498103A94CA7D52FD93C93A9CD5886ED,УПРАВЛЕНИЕ,
/2605C4A243C699B5E11EF8B3060DD79D,CROUCH / STAND,
/00036D7B455D7AF7FE47AFB360E8C7B3,Change Howard to Camera,
/754165B84C52113C96151CBF136DD318,Change Howard to Camera,
/462F0C224F96C8009CEAE4BBF5655D32,Change global time,
/38B20CDC4CA00C3F23648A968FD9BB32,Clear history,
/05AE2594454803F9DABEA199B8021DBA,Закрыть,
/0ECA79074D0C4E1043EA1D994B8EF7E7,Закрыть,
/440E1C1D43EE03780175A69E0EF8275D,Закрыть,
/59BF90574642AF6DA434B79D222FED81,Закрыть,
/5FA1ED8544F9E648EE929189734B4F38,Закрыть,
/6306FCAC4F4069D67EE0E099FD865708,Закрыть,
/805EFB4E480D75E8317F69A6872B9165,Закрыть,
/A1D354B048BE8A3E05E1098E83B54458,Закрыть,
/B56F1CFC48636B09AB93A3A38CF023B1,Закрыть,
/C60CDFAA47EEAA69DEC27E9C92CCE5F6,Закрыть,
/DC968F8843CEE0CB5FFC8E8A173F0A45,Закрыть,
/BFB5E8724056132AC25A4894783F5E9F,Complete objective,
/01C114494E1FBF62C64A8ABAE9C031B5,ControlSettings,
/B94C42CA4E8F9CEC3C42F09EEBFE9E6C,"Crazy. Drop me off at the Science City entrance. Then wait on Granville. ",
/3EEAFC6B4CB5F465FC1238B6AC049602,Crouch / stand,
/A297EC684D4FA13716EA7BB7A8B13ECE,Crouch / stand up 1,
/A42B4801492AC7896C903FB398222194,Current language is,
/A9108D3E481B7980DCB3899D2A366D18,Current language is,
/2BFBCFA44A01F737934484B46F95FEE6,Current node ->,
/FA5544C84C8EFC642EF89EBF9DA21504,"Current node -> ",
/B73800B84AE67C2433CE5BA317593DB0,Current node ->  {0},
/E1388C824F4EE36086A047AB3D9FD479,"Current select dialogue -> ",
/7CE47B404667367AB8FFB58BE2D09B12,Current select dialogue -> {dlg},
/F5D92A2541BFAAB44BEFD38D51ABDC40,Danny Wadeson,
/FDB2D92D46E15E0CAD90AC95E293ED37,"David Martinez
Deo
Devin & Poochie Fitch
Egg Gang
Elena Christensen
Elena Tikhonova
Ellie
Felix Kramer
Galina Gurskaya
Gleb
Goloso Games
Grace Bruxner
Grisha
Hanna Fogelberg
Harris Brewis
Jacob Janerka
Jason Schreier
Jonathan McIntosh
Joseph Anderson
Josh Ling
Julia Garibova
Kitya Hohrina
Anya Kindheart
Kowloon Nights
Kristi Anderson
Lady from PAX West 2019 who showed us her baby possum
Lidia Makarova
Lindsay Ellis",
/D804F2014D2DEC8FAAED1199C90A2CB7,"Detective
Menu",
/8461067F409F95817B62619620C6C635,Detective Menu 1,
/FDD938864E73CCE4A1CEC08432EE9D5E,Developed by,
/E85F3CCD47EBD1B2249A17B35BFC07E2,Diana Stolyarova,
/D6C8E1964CF5BCFBA49AC5949A147439,Did you bring it?,
/A2220AA640D2D000B2B7739A0957292F,Disable Fade,
/FA52C12743C58D4BD2636EA6A302E747,Do you want to keep these settings?,
/0C1DEBE24BA9988A2972DABDC9748C26,E,
/102854594BD65E101D7BE69E3EB6B41D,E,
/13FF0921431A666F0B21DBB4BA73184C,E,
/49EDDF304B0AA3FF9EA89E96A3F4C1E4,E,
/B4E7DE98421E9DF5AACF66BB4112C236,E,
/BD93BED34BD77F7D017DEC82281689FF,E,
/CB42783248D30B7D702DCDAE31080DA6,E,
/F68333B34EF7B05E04F162A7D948B575,E,
/6B3B861E431DC7748A3CF49F1A051073,Е - подобрать,
/CD5F66F54FB6917A78D7C981127138A0,Е - подобрать,
/74D23043450F63E8E2EEE394817D693F,Эффекты,
/19A7CD1D4E40B92BC83EDFBF9A55E195,Exit terminal,
/FE73CDFE457EAFD164D39EBE9CC59E36,Finish dialogue,
/CB0E870B47147A8B23A790AE7B65C980,"Finya, Misha, Filya, Margery, Martin, Carlos, Bonita, Teemo, Meera Danshin, Sterling, Seamus, Hachi, Fox, Michrya, Listik, Grandpa the Turtle, Javik",
/56A2AFE940BAC96DF39727A08161623F,"Fox Cole
Francesco 'NeuralProxy' P
Francis Dring
Francis Griffiths-Keam
Frank Mariahazy, Jr.
Freddy Feignon
Frederic Malouin
Fredrik Holmqvist
Free_Jonte
Friedli Marco
Furry
G.Herren
GabeT
GABRIEL ""TIOXY"" TIOSSI
Gabriel Feurer
Gabriel Komisar
Gabriel Liu
Gabriel Orion Davis
Gabriel Pellizzaro
Galaxia Wu
Garett Stehle
Garra Wolfbat
Garrett Hane
Garrett Kaupp
Garry Blevins
Gautam Jayanthi
Gavin Greene
Gavin McGibbon
Gaznod
Gea Chong Jin
Geoffrey Christensen
GEORGE “THE WHEEL” WHEELER
George Kronberg
Gérard Kraus
Gerdi Pupkes
Germán Piqué García
German R Mejia
German Rudnev
Gerrick Prine
Gian Reti
GigaRoc
Gildarius Aldaris de Accademicae Contramagicae Cusliciensis
Gin
GingerbreadGemima
GJ.Jin
Gmiller749
goatse
Godam_A
Gokid
GonzoH
Göran Isacson
Gordon Merante
Grace Lu
Graeme Howard
Gragos
Graham Cook
Graham Merrifield
Graham Mitchell
Grant Littlejohn - cadonos
Grave and Eda
Green Chili
Greetings from Ethan & Jason Sammut
GRELAIT Christophe
GrumpViking
Guerric Haché
Guido Pater (a.k.a. BamBoo!)
GuilleR GoZa
Gunnar Krupp
Gustav Black
Haelfonz ""HT"" Tapetum
Hallur Orn Gudjonsson
Hamsterhammer
Hannah Davies
Hans-Peter och Malin
HappyWulf
Harriet
Haxton Temeraire
Hazardlife
Heather Eve Bell
Heisenbob
Hendrik Moebus
Henry Moss
Hilton Devitt
Hiroki Uesugi
HNNJ EJ GLAYZ
Homer L Dyer IV
Homero Trevino Lopez
Horst Klinkenborg
Hot and Dicey Podcast
Hu Xinjing
Hunter Boss
i80and
Iain ‘Rocky’ Rockliffe 
Iain Reeve
Ian 'Crimson King' Palese
Ian McKinney
Ian Moss
Ian Williams 
Icegreyer
Ida N
Iggy Koopa
Ignaz Forster
Iijima Kosuke
imWarden
incredimike
Indah Suciati
indig0 bits
Ingo Hildebrandt
Injy
InnocentCargo
Io Otter
Irina R. 
Ironwing Icarus
Isaiah (Batman) Brewer
Ividia
Ivy
Ixion the Raccoon
Izaac Walton 
J-EA
J. Doner
J. Hottendorf
J. McCartney
J. Novak
J.A.J. Verhagen
Jack Stevens
Jacob ""HumJay"" Trivedi
Jacob Bianchi
Jacob Hammer
Jacob Herold
Jacob McClenny
Jacob W. Wall
Jadey McSpadey
Jaffa Tamarin
Jaime Enrique Gutierrez Perez 
Jake ""LordMcHaffie"" Harris
Jake ""Lynx"" Tokle
Jakša Jerković
James 'Super-Sheep' S-R
James ""Mysticfox"" Cole
James “BigDaddy” Str
James D.
James Denness
James E. Wright
James Firpo
James Good
James Latzer
James Martin
James Parrett
James Shackley
James Tusha [PopDaddyGames]
Jamie Depledge
Jamie Evans
Jamie Fong
Jan „Jansen“ Muche
Jan Dobritius
Jan Materna
Jan Pennycook
Jani Lindqvist
Janna
janus zeal
Jared Michael
Jaska ""Blue"" Butler
Jasmine B
Jasmine Om
Jason ""Lothor"" Freeman
Jason & Kai Wodicka
Jason Calvert
Jason Crase
Jason F. Broadley
Jason Furie
Jason Lai
Jason W. Turner
Jasper B Markowicz
Javier Solá
Jayden Bolzon
Jayme Cleckley
Jayme Last
jcy
Jeff Burke
Jeffrey Palm
Jenn Sandercock
Jenna Soberman
Jennie Hayes
Jennifer J. Ward
Jennifer Mosier
Jennifer Santure
Jens ""yodahome"" Holze
Jens HellYeah
Jeremy Gillis
Jeremy Hetzler
Jeremy Matthews
Jeremy Simpson (Luney)
Jeremy Smith
Jeroen te Strake
Jess Majewski
Jess Thurber
Jesse Anderson
Jesse Johnson
Jesse Schooff
Jesse William Gardner
Jessica Jane Roberts
Jett Supler
Jim CADOR
Jim Thorpe
Jiri Humplik
Jo Woolnough
Joachim Ziebs
Joanie “BubblyOasis” Rich
Joanna Hatter
Jobione
Joboporopolis
Joe
Joe Greathead
Joe Martin V
Joël ""Woulfy"" Fuchs
Joel A. S. Butler
Joel Flowers
Joern JCL Coelsch
Joey Morgan
Johan Kullberg
Johan Malmgren
Johan S Löfgren
John ""Captain Kidd"" Kidd Jr
John ""Starfig"" Brumit
John A Michael
John and Andrea Wiethorn
John Foy
John Hunt
John Johnson
John Loner
John Low Oon Tsu
John Y
jon taylor
Jon Wiedemann
Jonas Walter
Jonathan Lui
Jonathan Sepulveda
Jonne ""The Rat"" Kuokkanen
Joonas Kolstela
Jordan The Stone
Jordi Asensio
Jorge Luis Benavides Martínez
Jørgen Pedersen
José “Gigio” Esterás
Jose Madrigal
José Nakia Sánchez Ruiz 
Joseph Chou
Joseph Hyungmin Son
Josh Canwell
Josh DelaCruz
Josh Dionne
Josh Ex Abel
Josh Gilbert
Josh K.
Josh Medhurst
Joshua Casiano
Josiah Abbott
Josué Hernández Lira
JReex
Juan Carlos Duron
Juan J Melendez
Julia Simon
Julian Apong
Julian Colbus
Julian Emmett Vu
Julian Fürstenau
Julian M.
Julian Ramos
Juliano C.
Julie Johannessen
Julie L 
Julie Stéfanut
Julien “The Pixel Pusher” Lévy
Julius Kelly
Julius Kuutti
Julius Malik Simmons
Justin cas
Justin J. Saldana
JUUTIN
JWR
K Hopkins
K. Z. R. K.
Kageve Gonswic
Kai
Kai Paulsen
Kaleb Cassista
Kaoru Greendrake
Karsten Schmitt (smika78x)
Kataze the Skunk
Kate F Berenson
Kate Schuttenberg
Katie Hampson
Katie Neo Queen Ward
Kats The Panda
Katsun
KayBee
Kazriko Redclaw
KC Jones?
Keegan Spillane
Keijo Penttilä
Kelly Gorga
Kennedy Williamson
Kergy
Kevin ""Rye"" Litman
Kevin Clark
Kevin Koz
Kevin Liu
Kevin Lloyd
Kevin North
Kevin R Czarnecki
Kevlarr~
Khaz
Khren Phyros
KiaTheDead
Kicklix (Kickstart Linux)
Kieran Gosney
Kikapete C.Zezus
Kilian Valkhof
Kimberly Voll
Kimberly Wrzesinski
Kimdoyoun
Kimmo Kulovesi
Kir_Lir
Kisai
kissingthepixel
KJ Johanson
Klim
kmlkmljkl
KMQ
Knuddelbock
ko-ko
Koby Luccasen
Kodeir
Koh Kok Siang Kyros
Konstantin Leonov
Kornelia Mannherz
Kosmisches Wiesel
Kris Michael
Kristin Morin
Kristoffer ”Krillos” Brandberg
Kronone
Kupara Primaeros
Kurst Hyperyote
Kurt J Klemm
Kyle ""SlyDante"" LeClair
Kyle B
Kyle Herbner #9
Kyle McLauchlan
Kyle Riley
Kyungeun ""Casey"" Lee
L. Cormier
L.A.
L1anZ [Julian Z.]
Laguna Crale
Lannnnyy
lantty
Larcen7
Larkef
Lars Achtermann
Lars Hannig ""Starcat""
Lars Westergren
LastPretzel
lateralis music
Laura ""monsterkek"" Gunkel
Laura Bussey
Laura S Nieto
Law
Layn MacLeod
LAZZ LASZLO
LC
Le Agente
Lee Braden
Lee Currid
Lee Stewart
Lenna Mouwen
Lennart Tautz
Lenurd the Joke Gnome
Leon Trotsky
Leri Greer
Leslie L
Liam 'Lionheart' Day
Liam Brady
Liam Wilson
Libby Munson
Liesa W
Lisa Schötzig
Lisa Syroka
Littlenorwegians
Liz Gosselin
lıvıngcrayon
Lodjak
Logan 'Logie' James
Logan H. Stanley family
Lollie
Lord Ranbow Jankins
Louis S. Frank
Luana PICOT-CLÉMENTE 
Luca Benard
Luis Blum (MrLuigi938)
Luis Giraldo
Lukas Daniel Klausner
Lukas Lindinger
Luke ""Surf"" Tofte
Luke Camille
Luke Rideout
Luke Szczygielski
Lunar S. Fox
Luparez
Luscious Richard
Lydian Ali
M11TRY^^
Maaike Zandstra
Maciej Deregowski
Mactin
Macushla Cross
Madiso
Madison ""Bubbles"" Burgers
Madison Keller
magemam
Magus of Math
Maisy McCarthy
Maks Fisli
Maksim Golub
Malcolm “Shadowfox” Miller
Malcolm Rodgers
Mallory Littleton
Maluly ""Indigo"" Martínez B.
Mana_Strik3
Manski
Marc Knelsen
Marc Oliver Seltmann
Marc St-Jacques
Marco ""Fuwo"" Nowak
Marco Rosenberg
Marcus Jeffrey
Marcus Kida
margot
Maria Severt
Maria Terskikh
Mario Illinger
Mark „TheRuhlander“ Ruhland
Mark Hurst
Mark Jennings - Dex
Mark Kleis 
Mark L. Mosinski
Mark M. Sheehan
Mark Petocz
Mark Toye
Mark Valentine
Mark Zaschka
Markus ""honk"" Mager
Markus Bisinger 
Markus Kitsinger
Marlene Pérez Garay
Marlene Stevens
Marminator
Marshall Petersen
Martin Graf-Utzmann 
Martin Malischek
Martin Ottowitz
Martin Schwarzmeier
Mateo Alvarellos
Material Components
Matheus Filier
Mathieu 'thieu' Claes 
Matrix
Matt Barley
Matt Campbell - Inverness
Matt Hargett
Matt Hattersley
Matt Hazuda
Matt the Lion
Matt Witt( White Walker )
Matthew Anderson
Matthew Beckham
Matthew Chung
Matthew Crabtree
Matthew Glass
Matthew Jachyra
Matthew Lee Venner
Matthew McElhatton
Matthew R. Douglass
Matthew Wilson ""Rhewlif""
Matthias Behrens
Matthias Frees
Matthieu Langlois
Maurizio Festini
Mavis Clow
max fierke
Max Paladino
Max Schiffner
Maximilian ""Khajik"" Weihs
Maximilian Judtmann
Maxtor
MD Richards
Me Worldwide
Mechanized Detective The Nindie Specialist
Meech K
Megan Angwin!
Megan Jones
Melanie Chew
Melfi Alyami
Melissa Bradford
Melvin Biteng
MeLyle Romer
Merlijn Tuttel (IMPLOSIONS)
Mervyn ""Avitus27"" Galvin
mez
Michael 'TopGodo' Godeau
Michael ""sonnenhexer"" Kupfer
Michael “Kreamcheese” Goins 
Michael and Brian Goubeaux
Michael Drewblè
Michael Höhne
Michael McGuire
Michael Melanson
Michael Perez
Michael Rief
Michael Roemer
Michael Stein
Michael Struzyna
Michael W Hillard
Michael Ware Jr
michavo
Michel Cardoso Teixeira
Michel Iotti
Michelle Alvarado
Michelle Sorge
Miguel Castaneda
Mihai-Andrei Man
Mike ""Geek Salad"" Gulick
Mike Barnucz
Mike Grrdiner
Mike Hallam
Mike McGregor
Mike Smallhorn
Mike Welham
Mikhail Raev
Mikhail Vokabre Shcherbakov
Miles LaGree 
minuskruste
Mira Šťastný
Mirar
Miroslav 'VoodooFX' Micic
MishaBeth
Miss Sunburst
Mitchell Hostiadi
Moah
MOHAMMAD ALZAMEL
Mohammed Abdelraof Alkhamis
Molly G. Puff 
Molly McCarthy
Moritz Hansen
Morten Sørensen
MPR Raccoon
Mr. Ben
Mr. Greenface
Mr. Snrub
Mr.Shelby
Mushi
Nadir Bayo
Nancy McCollough
Nastya Kurbakovskaya
Natalia Boyarintseva
Nate G
Nathan Carrasqui
Nathan Haag
Nathan Hager
Nathan Luby
Nathan Wainwright
Neil Aspinall",
/2515BCC448F7E2F0DC835E8AB0441761,Частота кадров,
/395D128D4786779D156B9B9F102D295F,GameSettings,
/813C38674036319FC5951E87880C4E4C,Гамма,
/080B66E24F41AEEEC971569CC36775B1,"Gina Tavarozzo
Antònio Santos
Vic Bassey
Beckie Frary
Dimitrije Dokic
Sven Farszky
Garnett Lee
Matejka Ivančić
Ivan Krešimir Imbrija
Julie Staub
Carly Shields
Juliette Auverny-Bennetot
Íris Stefánsdóttir
Tonči Jukić
Zeke Lugmair
Jacob Kroon
Dario Zubović
Tom Lindgren 
Christopher Collins
Ivan Gradečak
Ana Balentović 
Elena Christensen 
Mai Dinh 
Marcus Herbertsson 
Paul Wilson
Elisabeth Bergqvist 
Borna Cmrečnjak
Izet Seferagić
Scott Roberts
KM Troedsson
Gordon Van Dyke
Kristi Anderson
Luke Icenhower",
/1FEFEB224BA13D36CF62CD8A90004B30,Go to node,
/9EF8909643BE04B24E77C88B885F1FE7,"Good working together and mutual respect? Not bad ingredients if you’re looking to cook up a little something-something, is all I’m saying...",
/737219CC475A0689992811A18D7FE59F,"Goodie. Sometimes folks forget things in this cab. Things with serial numbers filed down. Crazy, right?",
/A938607940013D03598E16AD7D27A4CF,"Granville? The parade’s on today, remember? Main street’s too     crowded for cabs, but I’ll see if I can find an empty alley. Oh, and Howie? Stay safe. ",
/6045006D40DE4708808E9798601376FF,HELLO,
/51AA70374D9D2BE366486C99F1CDB5C4,ВЫСОКИЕ,
/7E32D42F4D669468D1D3809F8445B84D,ВЫСОКИЕ,
/C3D6030848A1939889A6A8B1964F22FE,ВЫСОКИЕ,
/09FEF93B4FC92FD78664F78953FDE730,"Hah! Lead on, partner! Sounds like this is a bigger deal than usual. You’re, uh, being careful, right?",
/B2E16C114FCF27C16C1C32AFC2765BB6,"Helen Lotor
51-38-42",
/430B8B8E46C30E466471A2BE814AFD3D,He’ll eat my brains out!,
/E712AF934A1A7CE7663B36A3E18AD6E1,He’ll eat my brains out!,
/08CFA9554E19055E5582A3B92848247A,Hide Interact Icons,
/6027022A4150A42ADB6C3EB84F59686C,Удерживать для бега,
/67F11765437B04540AE13891107E46AF,"Howard’s mom
Kageve
KFC Nashville Hot Chicken
Loui
Mattieboy
Maximillian
North Grizz
Utrrrongeeb
Veste",
/BA89110F48A86398D81945AFAE23DA34,"Howie, you okay? You're brooding more than Essie after I forgot the dishes.",
/8E227D95472B87D1176F84908B99BCFA,I do.,
/FC18FC5C41551FB9D3E17185C41D88B6,"I'd better answer the phone, it could be important.",
/510C7D974F509F7BFAF94E9B0481ADB6,I'm here,
/C8022BA84CDAB65F8328D5BFFCFAC602,I'm here,
/71E07E0F48D0D7C011D6E6A3D70BE260,"I'm here because I want to file a divorce from Brad. The sooner the better. The problem is, I need evidence against Brad to testify in matrimonial court. And you will help me find that evidence.",
/BC023C564E86796F5B71DCA3DA7B07E9,"I'm here because I want to file a divorce from Brad. The sooner the better. The problem is, I need evidence against Brad to testify in matrimonial court. And you will help me find that evidence.",
/0D0E0F1D4F1059C67241688C0B2EE1A2,I'm here...,
/A9C74A7746637926734C789381D486DC,I'm hereI'm hereI'm hereI'm hereI'm hereI'm hereI'm hereI'm hereI'm hereI'm hereI'm here,
/79AD2C3A4D2B6AD223CB00B8919DE341,Increased speed,
/F053B1DB4106E5F78970E4A8D8B17E45,Interact 1,
/67DA74634CAE294ADE1394ABEEED296F,Inventory,
/7C981E2E40E8F386131CD9AFB3A29BEB,Inventory,
/C6DE45964EA22F12CC4ADE8F9E0BE005,Inventory,
/588B22B145754FBF444ED5A2C55A978B,Invisibility,
/FFEE10D64CA50544346A34873C87C978,Is enable dialogue animations,
/509C60834A3D6569C7C83B8B036F0F8A,Is log activation?,
/7F0E4F4E45B212165EA4B4A2C28F6BB1,Ishani Birch,
/E445C0024AC25A3E673141B1EC0F57F3,It's not about my name.,
/794D13D3426A9D7A22AF80B42BB70E9D,Julia Migacheva,
/5607E98F422921B4C4DC618BE048DDD1,"Just watch the road, huh?",
/99D2DB8F46C4FE7323EA5ABD2694621E,"Jónas Antonsson
David Martinez
Daniel Jonsson
Roland Smedberg
Liam O’Neill
Mia Sun
Andreea Chifu
Kjartan Freyr Jónsson
Naseer Alkhouri
Gerinda Meijerink
Rachel Tiu
Rasmus Liljenberg
Johan Toresson
Solveig Samuelsdottir
Jeanette Bauer
Timothy Busby
Cristian Caileanu
Martin Park
Mea Nilimaa
François-Xavier Labescat
Andrija Zorić
Vladimir Kovač
Tomislav Gojević
Loke Wallmo
Dave Pennelle
Domagoj Šalković
Mirko Sršen
Angelica Norgren
Erika Karlberg
Susie McBeth
Ivan Gabriel Juricic
Nicole De Bernardi",
/D34162C9407B65E197255E9E1B218A99,КЛАВИАТУРА,
/2A507F1D49AA39BEBF82BEBE8D5C39DF,Kellen Voyer,
/2707A4DB44C623B3D6455584FADA3CF0,Kill player,
/23C122854ADE04EB875965BC66E540C1,Kirill Simonenko,
/6B36161A407388E1B42C54845F0A4076,Kristina Dashevskaya,
/617D7DD741178FB40A26DD8D4AD21FDE,L,
/82C7C53B45BBE511209B1F9D35F8C975,ЯЗЫК,
/01E20E5B4AB98E9AD8D33A8D3B2794D6,НИЗКИЕ,
/160B4A754343B4683D354099F755A853,НИЗКИЕ,
/26BF2A514416BB60EE29BEB345EE52E3,НИЗКИЕ,
/427F5A6147A5E42D272E70AF4BE7B60D,Язык,
/AEFCE02643E56A648F406DB7D5FB058F,Language switch control,
/FC261FF54FD5B5E81FC8F7A0E1D12661,LanguageSettings,
/81AEDC144180F69B19686E98F7BE4481,Last logs:,
/D48DE61B4ADA78DDFDEC51BD1FFBECD9,Влево,
/6429CD0143F9878C121B569744A6CB71,Let's cut to the chase - what can I do for you?,
/D6781C294D667F9E4DE598984B2563A9,Let's cut to the chase - what can I do for you?,
/307E835F4AD746FD3D6C7BB5401606E9,Загрузка,
/66F799864EE09CDE4C40E6A709D68961,Загрузка,
/9B5CD04B499D3065236E8FB92F9723EF,Log,
/DD632B994BAD24AF039D598552918D73,Lots on my mind.,
/7D99ACFA4A065E39FA3036B5307A5DED,"Lucas Pope
Lu Nascimento
Lydia Koshkina
Lyudmila Elizarovna Mezenina
Mark Brown
Marya Lapka
Mashechka Syroid
Max Turnbull
Meredith Hall
Natalia Dashevskaya
Natalie Wynn
Noah Caldwell-Gervais
Oleg Korabelnikov
RagnarRox
Rares Cinteza
Rebecca Owen
Robot Teddy
Saleem Dabbous
Simone de Beauvoir
Taisia, Natalia & Aleksander Klepinin
Theo
Valentina Bezrukikh
Victoria Tran
Vic Bassey
Volia Kapitonova
Walt Williams
ZA/UM
Zach Soares
Nadejda & Aleksandr Mogilenskih",
/6BDB4F0D4746384A4A67F5B6FC892BE7,Lulu Chiba,
/1A60EFB848681D20FCBD0EBBB24E900C,СРЕДНИЕ,
/BC93E71B44510BEF46956BAA1AAF2B26,СРЕДНИЕ,
/EFA8C4014DDC263729342D8E961D29B2,СРЕДНИЕ,
/61F7622747DFD35F08014D8135024112,MONARCH STUDIOS,
/E33910524D92A9DFACD02C91EE97369F,Главное меню,
/8E0D828944DB30B3B8726BAFCEC9C7E9,MainMenu,
/4FE1A34747FEF759F8B40199ACE690ED,Maluly Martinez,
/FE3E4137467C819E9E648DB165825977,Maria Danshin,
/4A22366449DAACF23B5385A602024F7F,Maria Romashko,
/255339E54624D2C9B95050B359CCE886,Martin Hanses,
/0FB0EC4D450E888CEE3F0B997B0E4721,Общий,
/9E9939D5423F852261A0CF923BA083C7,Message,
/C0839AE4428AB943292AFDB4E80F5321,Mi Chang,
/FE198BB54701A4CA3204F086F23AAFB7,Mikhail Klivekin,
/FFF8042F4339F265FC4E65B527D6770B,Музыка,
/DB6CAED94E7A761BBB6503B8FB9739F7,Music Mixing and mastering,
/1C6E00AD4BE5BF80309111ABA33132B4,Н,
/A92A74F840ED013DEABD4C8E94E5B9D9,N E W  O B J E C T,
/0B4DEF09415AC753997B54BE5471B51B,НОВАЯ ИГРА,
/981979304DE832B04203C4A2EE6F688A,НЕТ,
/DC5ACBF34DD782EBA05D8CAE9FC8A109,НЕТ,
/A583104C40289AD0A3EC59ACECF04549,Name,
/D118A1E24CE8C367B7EC64BF075D951D,Name,
/D6C1FD1B4E53A4324B3BCB84B548A436,Navigation,
/6245C6EB48BE9382532F9B81F0069FB9,"Neil Finlayson
Neil Jones-Rodway
Neilson Brown
Nejita
Nekot The Brave
Nelson Vallerand
Nexkaa
Nic Packham
Nicholas Cole
Nicholas Dougherty
Nicholas Maddaloni
Nicholas Yun
Nick ""IDZUNA"" McGrath
Nick Bojanowski
Nick Ford
Nick Jennings
Nick Morris
Nick Schaedel
Nick Sima
Nick Smit
Nickelplant
Nicky Bond
Nico Padua
Nicolas Désy 
Nicole (germie) Moyle
nicomochi
Nikephoros Gorgonites
Niki Coppola
Niki Koivisto
Niki Randombandit Nair
Nikita Monokov
Niklas Starck Westerberg
Nikola Šobajić
Nikola Tanaskovic
Nikolis ""Zaratoth"" Asimakis
Nimrod Slor Futterman
Nina E. Mullen
nixelpixel
Noah G
Noah Taylor (Quaxo)
Noah Wexo
Noda Raccoon
Nolan Check
Norbert Martin
norfolk_s3d
Nulani t'Acraya
Nuno Povoa
obscur_pastori
occ1 
Octavi Navarro
Oddvar Løvås
Oh Sweet - My name is in the credits. 
Ohad Kanne 
OHMSY D
Okamotics
Olesya ""Totorofox"" Mayorova
Oliver Acuna
Oliver Christen
Oliver Haslinger
Omar ""the Omar"" Zeid
Omar Abul
omarcdis
Omikron
Ondra[sej]
OneLifePlease
Onofre Vazquez
Orane ""Nimaël"" Roché
Orona Red
Oscar Kham
owlfly
P Schmitz
P.T. Lindgren
Palmer Danner
Papaioannou Vasilis 
Parker Beaman
Pascal Frei
Patato Valdés
Patrick ""Volkendo"" Derboven
Patrick Aggergaard Olin
Patrick Berlinger
Patrick Bürckstümmer
Patrick Kop
Patrick Owens
Patrick Willett
Patrick 康仔 Boutin
Patrik Andersson
Patrik Hanson
Paul Beilyond
Paul Caringal
Paul Cartwright
Paul Hughes aka The Lord of Leisure
Paul Koerber
Paul Stypula
Paul-Vincent Roll
Pauline Martyn
Pavel A. Aliev
Pblao
Pdidi
PDS
Pedro Carvajal 
Pelle Ingmansson
pentaphobe
Pepe Romero (Pepaco)
Peppage
Per Martin I Olsen
Perrydotto
Peter ""Sleeper"" Mracka
Peter De Wachter
Peter Kimball-Evans
Peter Ljungman
Petr Priba Pribyla
Petr Zeman
Pham Cong Thanh
Phelagor
Phenomime
Phil Barnes
Phil Johnson
Philip du Fresne
Philip Maddox
Philipp Hamerski
Phillip Avery
Phillip Roberts-Jones
Phoenix Meow
Phosphor Wulf
PHR Foxcoon
Phyllis Ng
Pianetty
Pickle McButterbones
Piers Meynell
Pinky Raccoon 
Pixel
Pixelblack
Piya
Plaga_Medicum
PlanetDystopia.net
Podterebov D
PolarBearJay
Polly Cotter
Polygonalchemist
Pookles
Pope Adrian the Confuser
prantz1960
ProjectMQ: A New Hope for Indie Games™
Quazi Joe
Quinn Curtis
Quinn Wyke
QUINNY QUINN QUINN
QuoteTheKitty
R Baldwin
r00t
raccoonsRppl2
Rachel H Sanders
Racoon Goon Ryan
Racoon Man
Rad Betayeb
Rafic Hamarneh-Vawter
Rahmani Edon
Rainbow Rodent
Rainer Winkler
Ralf Teusner
Ralix ""Guttersnipe"" Oaken
Rambo_Grug
Rami Abu Shakra
Ranada Polite 
Randy ""Silk"" Fields
Raoul Crosby
Raphaël Bongat
Raton-Lover
Raúl Madueño
Raymond Kovie
Reapdri
Rebecca Howarth
Regner Blok-Andersen
Reiver Horse
Remy Lebreton
Rex Umbra
Rhech Capel, the silent but deadly
Rhiannon Crothers
Rich Welsh
Richard Hough
Richard M.Hopple, Jr.
Richard Raghoo
Richard Viewegh
Richard Von Hendy
Ricky ""Rackyroo"" Heyer
Riley Fraser, English Major
Rina
Ringune
Riordan Palmer
RJ Clark
Rob Fowler
Rob Hooley
Rob McMillan
Robert ""BGB"" Eriksson
Robert Durden
Robert E.L. Schmitz 
Robert Huynh
Robert Thompson
Robin Gonzales 
Robin Yang
Rodrigo ""Rodarch"" Arcanjo
Rodrigo Carrapeta de Souza
Rodrigo Fontes Torres
Roger Callan
Rolf S. from Bocholt/Germany
roma dmitriev 
Roman Gromov
Roman Khazizov
Roman Ostrovsky
Roman Rolliwood
romualdr
Ron Vaisman
Ronald Pomp
Ronald Siefkas
Rorschach
Rose Tang Trinh
Ross Williams
Rotobit
Rott
Roy Chua
rudeforblue
Ruus Kwiecinski
Ryan golden
Ryan Guilbault
Ryan Linn
Ryan Matta
Ryan McAuley
Ryan Quintano
Ryan Sharp
Ryan Slattery
Rylai
Rylan Branch
Ryland Aziz
Ryusui
Ryuu
S. Hagemann
Saar Nagar
sadouxi
Salamander Design
SaltyPepperino
Sam “Crossover” Gillespie
Sam Flores
Samantha Jones
Sammy ""MonkeyKombat"" Awad
Samuel Borthwick
Samuel Pickard
Sandra Bordus
Sara Evans
Sara webb
Sarah Freya Beckett
Sarah Z
Sascha Altschuler
Sascha Heberger
Sasha Goddyn
Saul Bottcher
Sauli Nurmi
Savrin Drake
Scarlett Vithica, mobster at large
Scitiv
Scott Bishop
Scott McIrvin
Scott Munro
Scott Preston
Scotty Jones
Scout & Freckle
Scyvvir
Sean ""Waldo"" Rodriguez
Sean (Karadorn)
Sean Ebersviller
Sean K.I.W. Steele/Arcane
Sean Malone ""Badger""
Sean McPherson
Sean Pelkey
Sean Samshuijzen
Sean Steen
Sean Turbitt
Sean Whitaker
Sébastien Delahaye
Seiya Suzuki
Selina Schuler
Serge Beaumont
Serge Skunk
Serge Skunk
Sergey Sokolov
Sergey Storchay
Seth Marinello
Shadow Panther
Shadow Raccoon
Shadowninjah641
Shamax
Shane Clark
Shannon Shaner
Shawn M.
ShawnTails
shd_Eod
ShiftyPumpkin
Shimpei Omae
Shinewolf
Shirley Higashiguchi
Sho2010
Shonna Lierre
Signora Poporape 
Silent Hunter UK
SilverNight
Silvian Grey
Simon da Costa Pereira
Simon James Edwards
Simon Parisse
Simon Threasher
Simon Trebern
Simon-Laslo Janßen
Sixty Gunner
Skeeby Bath
Skemp
Sketchy Wolf
skrysz
Skye Collie
Slashrofl
Sleepsie~
SlenderCario
SlyCat
SnakeEyes SAM (RP2)
Sochsun
Soleil
Sonja Karmann
Sparkxster +
Spencer Koch
spencer soares
Spiralofvertigo
Splintered Caravan - Cyberpunk Audio Drama
Squam
Sriranga Veeraraghavan
StarRiver (HE-ZHONG ZHAN)
stealthion
Stefan ""Bluemaster1981"" Werdelmann
Stefan Calico
Stefan Lännbrink
Stefano ""Rosiello"" Padelli
Stephan Klier
Stephan Pelizzari
Stephanie ""Six Bubbles"" Corrigan
Stephen Baird 
Stephen Mortimer
Stephen Reading II
Stephen Teague
Stephen Terry 
Stephen Villot
Stephen Whittle
Sterling Wild Pigeon Treadwell
Steve 2501
Steve Leadbeater
Steve Parker
Steven Miclette
Steven Sood
Strawberry Charlotte
Stryker Fox
Stuart ""Sslaxx"" Moore
Sunshroom18
SuperFlyJedi
SuperSqueaks
Susie Cummings
Sven Almgren
Sven Oesterle 
Swag Nasty
Sweven Uslot
SwirlingShips
SwordFire
Sybernetyks
Sylar & Korin
Sylvester Northcole
Sylvester Ting
T-Rep T-Rep
t*demigod Vilgefortis
Taeemul Chowdhury
Tailen
Takel Windfeather
Talon and friends
Tank Girl - The real life version ;)
Taras ~TSK~ Anatsko
Tardos Fülöp
Tate Pryor
Taylor C. Berrier
Taylor Causer
TCLovesGames
Teddybearsuplexxx
Tenax Raccoon
Tensai Raccoon
Tenyao79
Tero ""Kahvikone"" Aalto
TerrAvery
Tersi Geniss Archon
Tevel Drinkwater
That one dork
The Bright Green Frog
The Buggels
The Good Doctor Meh
the_fallensage
thebishop8
theGalaxy89
thehopelessheathen
Théo Gaillard ~
Thesleepingjay
Thom Duda
Thomas A. Lewis
Thomas Adamantiou
Thomas Becker
Thomas Brestrich
Thomas Faßnacht
Thomas Hada
Thomas Hjelm
Thomas Jansen
Thomas Saboy
Thomas Say
Thorambar
Thorsten Kaufmann
thouthpaw
Tidyrig 
Tim ""Zelzius"" Janisch
Tim Bilbrough
Tim Duclos
Tim E
Tim Schunk
Timmy Petersson
Timo Krahl
Timothy Dahlquist
Tina Sukhova
Tobias ""Corben"" Krummen
Tobias Andreasson
Tobias Sprenger
Todago
TodasGamers 
Todd Ritchie
Todd Sieling
Tofol Martinez Lorenzo
tofulover3
Tollwut
Tom Black
Tom Bowman
Tom Jones
Tomàs Watkins
Tony Clyde
Tony L. Page, Jr.
Tony.B (Wuff)
Tore Kristian Nygaard Kobbenes
Towel
Trakester
Tram Phan
Trashboi The Swamp Baby
Trashius Pandius
Travis Horrocks
Tredain
Trejaan Cavelion
Treman
Tremoir
Trent Marshall Jones
Trent Stollery
Trevor Brick
Tron3000
Troy Crumley
Try0again0bragg
turtleonmars
Turtlewit
Tybault Applesmith
Tyler ""TJV"" Vaughn
Tyler Gallup
Tyler Knight
Tyria
Tyrian
Tyron Mhorr
Uffe Illum
Useless.dinosaur
utrrrongeeb
Valery Akulinich
Valery Morozov
Valorn
Vanyan Vulpes
Varvara Olyunina
VasqEazy
VeeKiraRay
Vegard Stolpnessæter
Venancio Cabel III
Venceremos A.
Verace X
Veronica Beaudion
Verónica Vincent
Veronika Zýková
VGNomad
VGR
Vicki and Ian Dutton
Vicki Hsu
Viktor «Arawaz» Antipenko
Vincent Stolz
Vinno
Violet Procyon
Virginia Vega
Vivian Chan
Vladimir Kiselev
Volsted
Vox Anteron
VRaccoon
Vy Nguyen
Vylit Wolf
Wee Heavy Walter-Stern
Weirdo Beardo
Weiterer D
Whiskeyjack 
White Jack McMorrow
whitequark
Wicky
Wilber H. O. Anderson
Wildkin Raccoon
Will Hirst
Will Morton
Will.I.Am ""JJonald"" Hart
Willhameena Power
Willi Kampmann
William ""Washing Bear"" Molls
William T. Marques
William Timothy Treal Taylor
Willy ""Sunset Hero"" B.
Wolf Knight
Wolferren
Wolfret D. Caigan
Wolfsbrigadeur
WolfSkunk RedWolf, Adm, CMSC
Woodyflash
wottermelon
WrenYena
Wybe Buising
Wyldie
X. Rödhamr
Xavier 'FenriX' Bodénand
Xavier Nieves
Xil
xivnoir
Xx_3l33t_Kyedaman_xX
Yann Margan
Yann Rosenbaum
Yegor @f1yegor Andreenko
yes
Yes
Yes, please.
Yiwei Zhong
Yorick Hawthorne
Yuichi 
YUNJONG KIM
Zach Davis
Zach Mouri
Zach Subramany
Zachary Long
Zachary Peters
Zack Seah
Zaddum
Zalga Demented
Zap Shakur
Zeal0t
Zefiro Anthragon
Zeke Silverwind
Zelse
zen
Zenteno Roiszenber
Zigurana
Ziya
Zomgshiny
Андрей (Mokkochino) Шатров
Владимир
김알렙 アレプ King Alrep
하콘이
笑",
/3EE9A38348B879B52C12D2A692150049,New item added,
/1B8554224B74F94B11074681F37BA684,New log entry,
/E9CABC9644A11C04D417C8AFC92B8E6A,New objective,
/DD769DFB416EC83AE439EB8966F5FF0F,Nikita Danshin,
/2D0C8F49440122C6E9998FA71C202A1E,"No. Got a big lead, though.",
/03C9C33C4953221D3F0A8EA2942D75C0,None,
/1A8A83FE4DA72466D752D79AA8599C76,None,
/9A4F6A034EB64FB96CDE98B2CFA7251C,None,
/C422C7E14A3240CBF6F257BFDAA80348,None,
/BED588EB42D6EFBF2E7D3FB8EC86B321,Normal speed,
/404E5920469C7CA81A12D188A333B542,Nothing like that. We work well together. I respect her.,
/B066554245C3C5B491F2288F69693FB5,ЦЕЛИ,
/5A4610C748AE6D97DA5EB09AEFE48D78,ВЫКЛЮЧИТЬ,
/F07B8ADB464695F9630A0B8F1E9402E1,ВЫКЛЮЧИТЬ,
/1A74B82F41C504F1A29DABA38F566AE0,OK,
/3F48CDDE456E49C5DA86D59DEED71312,OK,
/532207994060B44F62490E8A14BB96C8,ON,
/A4CBCEE24BAE74EC3DA2279AA695BB68,"ORIGINAL MUSIC BY 
NIKITA DANSHIN AND AROOJ AFTAB",
/3B4EB8674BC42762F946B59B91F8016C,Objectives,
/7C5F29CB4E00CCA1ED133D8A75E7727C,Objectives,
/B7AA398A416129191D61EDB001C4A96F,Oh! When are you expecting?,
/C4635689458940DFE8366F83E0DD3590,Oh! When are you expecting?,
/CDFBD97F420E7C374D3ACD966DF678E4,"Patinson, it has her husband's hand writing on it. This note was given to me by Mrs Patinson ",
/EA1DD5C348969BFD773385A89BAB84F5,Paul Wilson,
/2087A44F47D55E639B00C386F80E87FA,PauseMenu,
/FA44E7794E733511B8C99F858F82A9A3,Phone,
/EEF79BDE49D02CAAB652F096409259AB,"Polite? Hah! I didn’t realize you were part of high society, Howie? You fixing to become a minister?",
/3034F4F348D5EE76F52D6F8E331C4D8C,Пост процессинг,
/2986C73F4F26C41AFBC8328AF23538F7,Нажми [E] для взаимодействия,
/A6B480BB40675432E8B0788BC9CA245D,Нажмите любую кнопку,
/41B45208451379CF7B38F2941E318934,ВЫХОД,
/7BE9E8A14C6B9C8F76F5E2B6CF57B461,Выход,
/237A190448BEA51E14FE28BF251B4E95,Radu Girjoaba,
/B3F5370942A03AC820952DBA7DD77136,Rares Cinteza,
/2003E06142B67BD81259BA8B62D4936D,Relax. I'm not about to deprive you of your best customer.,
/F110C55B4F9ACEB427565F93532DD2E8,Remove all items,
/55E867B5432616D2C2CEB1A7866FF201,Remove all logs,
/DA709CD14EC9137BE36348A5B6C5CA86,Remove item,
/9AF1D6FE4101DBA887EBED9401B114C1,Remove log,
/AEF6E7F046A9DF2677AB0E80AB291E80,Remove save,
/87799EF64B7C8F41D813B6B506EE2831,Remove save and remove game,
/5D34D3DC4553031EA167308BB6B3E619,Remove save and restart current dialogue,
/C3762F414CDD021697F15CA7C469A767,Remove save and restart level,
/1F22AA014DA10E1C434FF79E993DF3E4,Reset,
/03BC9E2D4C0187F29604768FD40C6E14,Разрешение,
/0EE751354AB3D930B549418608127430,Перезапустить уровень,
/8E3EDDC74580E9AE1214C7915182FB2C,Return in Howard,
/519336614481DE591CB6E68B0BED5E3A,Сбросить по умолчанию,
/E9858DF24A1A6B5205C47697734D94ED,Вправо,
/FE792170472A33D0789BC1A31ED8114C,Run 1,
/D4B930724E1B55A62CE72794911EEC53,"Russian localization, editing",
/14723EE54EBB1615760CCFA0DED4AE34,"Russian localization, translation",
/5C34DA3C49DFBEA9A017ECAA32E4DDC4,НАСТРОЙКИ,
/E16796644FB71663821AB1B2CCDEE37B,SPECIAL THANKS,
/205744B2400D19EC8B14199E43F5095F,Сохранение,
/3EDD18E649474AE28B3218816E075A37,Режим окна,
/9393BF6F4D725C0C26828EA35EFAE37D,Scroll log,
/1A92F63F4F0BDF607C7F2486F1C8E923,Scroll the list,
/5EEEEBDB45369AA11CA6EC9E102E0AFD,Scroll the list,
/078543BA413E483DCFB521A9BBC97F25,Поиск,
/819A6660485E7E51A5440A932817F2A5,Secondary Language,
/DA424B8B41F0B9177A88E4A44B6DF627,Select,
/4F5F0F85428B64986F7D1E8D5C48D414,Set FOV 'Z' and 'X',
/D34B38984854D12CFCA29A88B98FF929,Set pause,
/580F16D343DA13B7F74AC480A44BA494,SettingsTab,
/0D9C8A6E479A3843746EAABFA6BE1246,Качество теней,
/615FDF194DD01CC1C199D8AE0C0CC4B9,Shoot. That’s Downey right there the police booth. He’ll eat my brains out if he sees me.,
/0A4C4F604661323054E3FCA60A2EC3CB,Shouldn't that be a personal choice?,
/F209744D4354EB2F7D4454A7610B2760,Shouldn't that be a personal choice?,
/2FC12CD44552C71194C0998C6C02AE89,Show Interact Icons,
/3875EE3B4A7F817EB11A18B0FD959F5C,Show enemy state,
/FAA2701744849945DC0973B5474080F2,Show logs everytime,
/CE1D52A7406BEE35C9B9E1B3351D674D,Пропустить катсцену,
/C30782D6413D75A312B424A6CA77CA7B,"So how about you share instead,    hm? It might do you and that overworked brain of yours some good!",
/552FFC364D5E849905617A83F7078982,"So, what's the case? ",
/F7A5FBEE4F4FB4EB06C572AED02BE79E,"Some controls are not setup correctly, game experience might be limited.",
/9D825F8742E2CD1A41CA148AE87A92D8,Sorry about that. Don't get caught next time.,
/479B1FD54224E70B051BE8A05778B779,Square button to pickup,
/A6CDE4DB462CB08327FD3ABE1914FC0A,Начать диалог,
/BF2B3848426F0BFF8F8F34804B262A5F,Начать диалог,
/3C42CECA4C1EE1C41844EB89B2A523A2,"Switch
language",
/37B52D8E40635F48183AF9A9C81F9C55,TEAM PETS,
/5D79DB724AE44DD32F1C02AE3080D8D3,Teleport to level,
/82E5AEA04051552171D3EA90FF18299A,Teleport to location,
/CA33476E45C86450D75243B2E9BFFC10,Thank you to our Kickstarter backers. This game wouldn’t exist without you,
/5F06D3604BD878A1D898B0BACFF8992B,Thanks to our Discord community champions,
/BE98F15347AD9249EF32B8800B4EC6B3,That Brad fella sure sounds like he cares about you,
/162E688E4E068D390AC278AFA6B12177,That Brad fella sure sounds like he cares about you.,
/DDBE8FD34988539B5E295F85E1402461,"The case keeps getting bigger.   Maybe I'm out of my depth. And    then there’s Renee, who...",
/78B8769346E3A691A96B7ABA93C59DB6,The sad eyes of a child.,
/7A25A0D24C9FF01919BEFDAC8640A623,The sad eyes of a child.,
/78A37D054DB9B2B02D61A28A38AB39D7,Theo,
/4886E9134573FB512975329E2061BE7D,There’s an old saying about books and their covers. But you know better than me.,
/8A9F1A6D4AD5E54B5B7D59B6A510F44C,"This game uses an auto-save feature.
Please do not turn off your game when you see this icon.",
/71966BCA4BDCB9380FA758A3AE070437,This note was given to,
/0A0873F24D3CD55F6E2BC3AA4A58DB54,This note was given to me by Mrs Patinson,
/79AB48A344E030B5123BFABFE285BCC9,This note was given to me by Mrs Patinson,
/148C31EE4DAB7BA1D6A2B8A296CA722F,"This note was given to me by Mrs Patinson, it has her husband's hand writing on it.",
/9623E4EC46B6F963737B41AF0C7667D0,"This note was given to me by Mrs Patinson, it has her husband's hand writing on it.",
/5854A39A47D12090043D8BB39696499B,"This note was given to me by Mrs Patinson, it has her husband's hand writing on it. ",
/E57ABB6942F58A1EDC23EF81AF3FCB0A,Title,
/11B060AE429EA430AE8EC39093926EAC,Toma Klepinina,
/9A037FDA477DD3935E14CBBC025BF6E7,TopCenter,
/3B9BD1924359362784D1179EF8D422D5,TopLeft,
/6C60062945DEAD8EC5C9F78AF199F5D4,TopRight,
/E790B6644C5CCD0EDD54199201C3AFE3,Интерфейс,
/2BF2C7704BA48B6155DDEF8D6F518C36,НЕОГРАНИЧЕННО,
/291CF2D648D67F3A2CFC9AA212048AB2,ИСПОЛЬЗОВАТЬ,
/A8670DCA4810C83BE6408A9ECFE82594,"UX/UI design, motion design, environment pixel art, graphic design, video editing",
/CA197E504167B8E533CBD7BC51373902,Use,
/4F1305A844BAE67BDA57559B29FB44FA,ОЧЕНЬ НИЗКИЕ,
/5FD98AC14C47FF47CC338F9F750449AA,ОЧЕНЬ НИЗКИЕ,
/EF4897A24E9117DD5707D3A7920FC997,ГРАФИКА,
/75680D9B4ABE678AEA956C8808A4422D,VOYER LAW,
/0CF45B644E2F96650176CB856709AFD2,Верт. синхр.,
/EC9AADE44DCBFFA16A9C6EA835904B42,Victoria Schafer,
/9D3608754985144E3FFA449AEB1BB55C,Visited nodes:,
/0B7F4F9C4E1698ACA91E2F987F4A336A,VisualSettings,
/4423D2944BFFAFABBB5CDC9BD58F2032,Качество графики,
/609F550E40945648BDC4869E9C5B0842,ОКОННЫЙ,
/F043FBE14D204D3222DD20B9CF351C3C,ОКОННЫЙ ПОЛНОЭКРАННЫЙ,
/AFDE7DA246A147C271724ABEA90A4A9D,Walk / move object,
/B8FD9EA04934CFDFDC36FFA50E7D867C,We will rock yo ass.,
/55AB20A042C4937DC95574B6AA588437,"What’s new, chief? Did’ya crack the case yet?",
/248ECE2044CF90659ED58DA734B65456,"Woo-wee, love that for you!       Time you stamped your name on the world! H-O-W-A-R-D!",
/EEBDFB084D3A877C20B3BAB79B7B3340,"Woo-wee, that lady! Hah, no    wonder you’re daydreaming! ",
/7B98E3E64567D81B65C08BB32680E39F,Written by Arooj Aftab,
/8F719D6F4A2697C83B8B32BF8B19F8C1,Written by Arooj Aftab,
/C40C26FC498E0CA8E73A8D834077E1CA,Written by Arooj Aftab,
/6C41BEF041E195999218438E24D561A3,"Written by Arooj Aftab
Bass by Manuel Schmiedel
Keys by Casimir Liberski",
/DA8C759249C61A194B744A90DF7F9DFF,"Written by Arooj Aftab
Vocals by Arooj Aftab",
/181A21D042A39D293700528F90BF364A,Written by Nikita Danshin,
/2D55F5FF41D7539821A7578F5D8A03F0,Written by Nikita Danshin,
/6ABEAEF8462733F995D1EE9AB902D8B5,Written by Nikita Danshin,
/B3DABF1B4469DCC84DBBCB889D11BA6B,"Written by Nikita Danshin
Vocals by Anna Bo",
/AE99A87C4257EFA1EE263A9F5DEBC2D3,"Written by Nikita Danshin
Vocals by Arooj Aftab",
/C5DF08F7491E16B1A037D6A39747D33C,"Written by Nikita Danshin
Vocals by Arooj Aftab",
/90A237E14B330D75B8662EB16932D6B8,"Written by Nikita Danshin
Vocals by Nikita Danshin",
/A4D7DE184CF9A421E5E967A9F9B3282E,"Written by Nikita Danshin
Vocals by Nikita Danshin",
/EAACB6CB40A035AB3C432895E0BDBA02,"Written by Nikita Danshin 
Saxophone by Charlotte Greve",
/7900E7F3498FE7D3AE3E7288CB8F1C8D,"Written by Nikita Danshin & Arooj aftab 
Piano by Manuel Schmiedel
Vocals, Bass and Synth by Arooj Aftab",
/1FD0553D4F6ACB6C599B0B84936EC0AA,X,
/435657334562E82DFB93E1A5CB05194D,X to pickup,
/ABBF3AFD4C636B190F46609B742FB12D,X to pickup,
/DC111F064DEDFF8B609E1590822B62B1,X to pickup,
/168D8B0A4D1B8A92960CF7BDFE77A417,ДА,
/7E7B1E4D4ACB216C9B6A2C99347AFCD7,ДА,
/1A865B4C44DFAB314553FF99DB794968,Yeah. Check the glove box. You     know how to use it?,
/4C0B1E764F8FE518B0C5628969D336BB,"You know I can’t tell you. But this one could make a difference, I think.",
/17087BA54655D3EF0FFB0AA19922CB2B,"_Bonez_
""Denbel"" aka Daniil Belyakov
""Gaz Wilmbroke""
""Yaboy"" Erik Gunnoe
“Zaddy”
@Cockatrice, he believes in us!
2dRedders
7130-ManuleM-79 - Das Hellbadger
A A Marckmann
A. C. Walser
A. Jacobsson
A. Nonin
A.J. Blaho
Aaron ""Puma"" Larson
Aaron Bulger
Aaron Hunter
Aaron Rosene
Aaron Smith
Aaron Wollman
Abe Pernicka
Abraham Page
AccursedThought
Adam ""Chili"" Stevens
Adam Anderson 
Adam Barsi
Adam Cammack
Adam Dyche
Adam Gould
Adam James Westwood 
Adam Ledoux
Adam Miller
Adam Monier Edwards
Adam Murray
Adam Selby
Adam Speers
Adam Tenhouse
Adam Vazquez
Adam Wolfe Ryder
Adam Wunker
Adrian ""Crimson"" Lexington
Adrian Perez
Adrian Stein
adthree
Aeri
AeronClayton
Aerzavin
afoxnamedcoyote
Aidan Klajnscek
Aivis Vidins / Shadox
AK Rodewald
Akira Larkin
Akiteru？
Akj689
Alan ""CS42R"" Purdy
Alan White
AlaskanBeard
Albejorn
Albert Figueras
Alejandro Checa Grande
Aleks Palatnik
Aleksandar Belovski
Aleksey Russkikh
Alena Bekrina
Alena Zhukova 
Alesha
Alessa0
Alex ""Alpine"" Nordstrom
Alex ""Fiery Fox"" Garcia-Rojas
Alex ""Munk"" Munkelwitz
Alex Baltutis
Alex Egri
Alex Harper
Alex McKenzie
Alex Phillips
Alex Roche
Alex Rodriguez
Alex Tabor
Alex Tamayo
Alex Usachev
Alex Valero ""Danda""
Alex Wade
Alexander „Schlaumayr“ Gerstmayr
Alexander Barclay
Alexander Bruch
Alexander Kogan
Alexander Preymak
Alexandre Dachary
Alexandre Faveur allias ""Megatron-collection""
AlexTV
Alfonso Nishikawa
Alina Bulyga
Allandt
Allen Wang
Allen Zhao
Allexys M. Long
ALLION Benjamin
Alphonso Heuteux
altrewin
Alvin Luke
Amanda Aro
Amari aka Catmom
Amber D
Amethystine P.
Amy Bethell
Amy Bethell
Amy Zhu
An Indifferent Kat
Anastasia and Matthew
Ancor Gil
AndeAlmighty
Anders Svensson
Andrea Calogero (EFC)
Andreas Lantides
Andreas Meichelböck
Andrew ""King_Krimson"" Brown
Andrew Browne
Andrew Goulding
Andrew Kirkham
Andrew Lee McCullough
Andrew Malcolm
Andrew McLean
Andrew Morgan
Andrew Munroe
Andrew Ordner
Andrew Reekie
Andrew Saraev
Andrew Scott Wells
Andrew Thomson
Andrew Wiley
Andrey Sitnik
Andy Haigh.
Ángel CN (""kurt"")
Angelina Jackson
Angelito Villamena Jr.
AngryMono
Anissa Ennaceur
Anssi Kuoppa
Anthony Haevermaet
Anthony Ryan Peterlin
AntlerWeasel
Antoine Carayon
Anton Shemarin
Antoni Ferragut
Antonio Navis
Antumbra
Apollo
AquaCoon
Arakin
arami kyoya
Arashveer Rai
Ari ""APz"" Sovijärvi
Armand Taras 
Arnaud Comblin
Árni Óđinsson
Arno M. Scharinger
Áron Valastyán
Art Capps
Artem Morozov
Arwin John 
Asaril
Asela S
ASG Billy Jackson 
Ash Cinder
Ashlen G.
Ashley Bollhorst
Ashley Bollhorst
Asier Iturralde Sarasola
Astrobia
Astronuki
Atog
Audrey Law
auroral
Autumn G. Van Kirk
Autumn Leopard
auzbuzzard
Avery Robertson
Axel 'dervideospieler' Kothe
Ayzik
BaAnzu
Babounounouf
BadRoy
Barbariux D. Aguayo
Barry Aldridge
Barry Shitpeas
Bartosz Krawcewicz
Beachfox
Bean C
Bear0104
Becca P.
Bed
Beh Kok Seng
Bel Cando
Ben Bradford
Ben Milward
Ben Morgan
Ben Shore
Ben-ben
Benderman
Benjamin ""Talmire"" Thorkman
Benjamin Bonnett
Benjamin C. Burke
Benjamin Cool
Benoist Martins
Bernhardinski
Bersl
Beth Cosmic
Big Black Dog
Big Bopper
Big Gay Skeleton
Big Iron Marla
BigAlzBub
Bill Weakley
Billy Bo Baggins the boy who lived because he had the higher ground
Binnorie Minnorie
Björn Schneider
Blake Lind
Blake Piebenga
BloodScourge
BMC/CROC
Bob Reus
Bobby Roleman
böghund
Bogyung Ella Seon
Boo Stewart
Boris
Boris Mindzak
Boris Vigec
Boston Lee
Brad Gilchrist
Brandon Carey
Brandon Ingalls
Brandon Thompson 
Brendan Topping
Brenden Chu
Brent Disbrow
Brent Pino
Brian ""avwolf"" Roy
Brian Connors
Brian Hum
Brian Lowe
Brian Meyers
Brian Tang
Brian Walden
Brian. Michael. Smith. 
Bridgefirecomics
Britt U
Broccolee
Brooklyn Zelenka
Bryan ""deltatauhobbit"" Beaulieu
Bryan English
Bryan Rathman
Bryce Stoddart
Bryton Rondquist
Buddy Goodboy
bugrishka
Bunneh
C. Lee Roby
c.billadeau
Caitlin Jane Hughes
Calico
Callum Blackall
Callum Joyce
Calum Rowan
Cam Dow
Camille Lucas
Carlos Encarnación
Carmine Red
Carsten D
Casgadom
Cass Rising
CassieButter
Cathy 'Kensei' Tyrell-Knights
Catsworth
cbman
ccycc
Ceasepool
Ceowolf
cfroggie
CH
Chad Wolfe
Charles Prestine-Lowery
Charles Propst
Charles Thornton ""Ralley""
Charles Tsao
Charlie Kamen
Charlie-Rae Flynn
Chase ‘Talcerase’ Eichhorst
Che Cass
Chelle Destefano
ChipFoxx
CHIPS713
Chloe Spencer 
Chris ‘Errant’ Harper
Chris ""Kwissy"" Hunt
Chris ""maramilitia"" Wright
Chris & Susan Tomlinson
Chris Cooper
Chris Decker
Chris Herman (SilverJay)
Chris J. Brown
Chris Larkin
Chris Neal
Chris Pennell
Chris Renard
Chris Rock
Chris Stafford
Chris Stanton
Chris Wang
Chrisesus (Christian Ramirez Castro)
Christian Dannie Storgaard
Christian Umnig
Christina ""poisonedsodapop"" Shelby
Christoph Rabel
Christophe ""Xtooph"" Pallarès
Christopher ""Kurioms"" Bailey
Christopher Allen
Christopher Dooly
Christopher Flagg
Christopher Fleming
Christopher L. Villegas
Christopher Lloyd Coxe
Christopher Rush Galbreath
Christopher Sandusky
Christopher Sidebottom
Christopher Wallace
Cinogard
Citizen Snips
CJ White
Clara ""Femsynth"" Silva
Clara ""SeriouslyClara"" Sia
Clarissa Redwine
Clay Gardner
clockwork
Coco G.
codesnik
Cody R
Coid
Col Haywood
Cole Wong
Colin Campbell
Colin Vettier
Collin Craig Hausman
Combined
Connor Reddington
Conny Andersson
Conor Robinson
Contributes enough to be noticed
Cooper Bibaud
Cordite
Corin Talisman
Corina van der Velden
Corvette Johnny
Cory Bevilacqua
Craig Ward
Crashheart
Crazy Cactus Entertainment LLC
Cristina Kovacs
CrossCompiled
Cryptowolf
CthulhusCat
Cucu
Curt Falconi
cyanic
CyberTigerty
Cyril A. Corrigan
Cyril Hugounenq
D-inchik
Dakobah
Damien Genet
Damo
Dan Allison
Dan Hauenstein
Dan Rodriguez
Danban
Dani Galacho
Danica Mueller
Daniel -212- Crane
Daniel ""Gedracon"" Bungert
Daniel “Svaard” Flores
Daniel Bellieny
Daniel Labady
Daniel Mustaine
Daniel Swody
Daniel Twisp, Esq.
Daniel Vierna
Daniel Wildschut
Daniel Willis
Daniel Zander
Daniil Shevelev
Daria Beskorsaia
Daria Moreno-Gogoleva
DarkWolf80s
dasha kaktamee
DaSkruff
Dave 'incogNEATo' Algiers
Dave Bush
Dave Coleman
Dave Dryden
Dave Hopman
Dave O'Neill
Dave Underwood
David ""Dogsport"" Swearingen
David ""Reus"" Arellano
David & Lisa
David B
David C. Fraga
David Childs
David Coleman
David Dew
David Eggleton
David Foley
David Klemke
David Overton
David Sparks
David Tepfer
davidpasa
Dawn M ""TatteredRagDoll""
Dawson Burk
Dayle Rees
Dayton Turner
Defago Chanthalavong
deftonite
dehrk
Deimantė Petrutytė
Del Borovic
DeltaOne
Demmy Mangusso
Den Nich
Denis_Isakov_from_Krasnoyarsk
Deo TasDevil
Derek Y.
Deriman Franco
Dex
Diana Russom
Dickbutt
Diego Alés Herranz (Dinoarceuxis)
Diego Cruz
Diego Soriano
Diego Tobar
Dimitri Semenchenko 
Dino Buffetta Jr.
Dirk Jiggler
Div K
Dmitri Sotnikov
Dmitry Beley
Dmitry Kornyukhov (aka Video Games Translator)
doctor of racoon science Andrey Barkov
dogbeats
Dolan Ross Scherfel
DOMINIC BULONE 
Dominic Sommer
Dominik Debre
Dominik Kochta
Dominus Dragon
Donald A Brian
DonDiscord
Donnie Greer
Doomdork
DosKeryos
Dotan Dvir
Dr Hung
Dr. Cornelius VanDerSnoot, Booper of Snoots, Dooter of Doots
Dr. Gravitas
DraconicMentalist
Dragon Kaiser
Dragon Paragon 
Draklerahl
Draque Thompson
draw a pig wearing a raincoat and a sou'wester
DREAMFALL ONE (S.W.)
Drew Wills
Driftwood
Drip T Rat
Dronon
Drunken Foxx
Dugan Chen
Dumnorix
Duncan Sample
Dursul
Dustin Bridges
Dustin Howell
Dustin Tinch
Dustin Willcox 
Dwayne Clarke
Dyktator
Dylan ""Dragon Robot"" Walsh
Dynamo
dzil123
E the Weasel
E. B. Naime
Eamon Brennan
Earl
Ed James
Eda Altuner
Eden
edenwax
Edgar Vasquez (aka) Calaca_La_Vaca
EDOUARD LOMBARD
Eduard Lukhmanov
Edward Hyena
Edward Laverick
Edward Söderberg
Edwin Tjhin
Eggo & OtherWeird
Egor Zakharov
Eigengrau
Einsteisenberg
Eisa AlAwadhi
Eivind ""flesk"" K. Nilsbakken
Ekaterina Sukhova
Ekaterina T
El-Ricado
Elah Bozorg-Grayeli 
Elena Kuzyk
Elena Semenova
Elena Zabidi
Elias Teigen
ElijahBen ""Umbre"" Jasso
Elizaveta Khimich
Ella Rae Fisher
Elle Kaisman
Elliott Gibb
Elliott Haviland
Elmar Tewes
Emiri Ninomiya
Emma & James Caudwell
Emma Ríos
Enric Nart
EP Eriksson
eqj
Equijoshium
Eric ""WildWeiler"" Lane
Eric Flanagan 
Eric Hestness
Erskin Cherry
Essem Harris
Esteban Gaspar Silva
Esteban Molina
Esther Crumbles
Ethan ""Gen_Booms"" Rust
Ethan Callahan
Ethan Staghorn
Eugene Brodsky
evamoeba
Evan Karas
Evan Waninger
Eversong
Evgenie ""Dire Boar Games"" Tivaniuk
Evie Patamon
Ezra Buncoon
Fabian Buck
Fabian Gollnick
Fabrice Fournet
Fairbank
Faith Awai
Fatboy
Fedor Zhelne
Felix Foakes
Felix Kramer
Felix Vale
Felix Wenger
Fellow Traveller
Fermin Serena Hortas
Fernando Hernández
Festy_Dog
FinalBetaMan
firesock
Fletcher ""Kuma"" Farnchez
Floyd Hoelzl
FluidFox
Forrest G. Emerson & StabbyQuest",
/8396D32F4586F797CD723ABF4CB09863,additional environment pixel art,
/B633976844794A99B71885BA6171CD5E,additional environment pixel art,
/3542D26B4753C8C401A7B387EC1D4CB5,additional programming,
/8BA249B5423DB703939D309071EEE3BE,additional writing,
/8CEC8A6C4D73C4A484DF8786DC716D12,additional writing,
/D03893B34C4DA9DD74CB0593176FCACF,additional writing,
/9A17E6AD40CE3FBD62D87DA9B1AA3DD7,and everyone on our social media!,
/7FF05BE74A636E5EC08397AEED5E4BD2,"art direction, lighting, character & environment design, 
concept art, character & environment pixel art, level design",
/50909AF247C09D3BB11D5FA0C1F81908,"character & environment animation, cutscene animation, character pixel art, character design",
/39993E41444D79FE1F1331958014F399,"character & environment design, concept art, character & environment pixel art ",
/E1861FC04E0B5170AC57018827E8C58E,"character & environment design, concept art, character & environment pixel art, character animation",
/30BBDA644BDD2A6782BCE9B60525C12E,"character & environment design, concept art, character & environment pixel art, cinematics design & animation, level design, graphic design",
/EB49EE6044BFDEA7E578848740414654,"concept art & design, location scouting, video editing",
/9F1118A041EA401AB26325A15A6118F4,"environment pixel art, character & environment animation",
/63C351574274DA003B7B49A8A5B2B8C0,"game direction, lead writing, narrative design, 
game design,  business development, marketing, social media, studio administration",
/8EC710364D0C8656AC43ACAF91817570,legal assistance,
/1612A1E145032FEFC4B10BA76E09648A,"music, vocals, sound design",
/F39120A548A92F291E0E8AB04ECD1A21,"music, vocals, sound design, game design, programming, business development, studio administration",
/02DB5C8744F30488747E4BBEAF60BCC3,new item,
/72DB37264A272B68730B4EACB7D7FCC2,new item,
/A628253242618390FF172B9B5AE90F85,new item,
/2A968195448EC3F2BB5ECBAC7EEFDD75,new objectiv,
/6C3A4CBC483BA6948CEC379C001718FE,new objective,
/23AB96A045E2677773607793CF6263BE,"production, project management,
studio administration",
/6FE3D77C4CECDA7E058756BC0C018AAC,"programming, game logic, UI logic, tools development, QA",
/6F7CBA754444AA01E8C930AAA7A073C2,"programming, game logic, UI logic, tools development, QA, tech art",
/23B66237407235E61C6B6E9EC2654E74,quality production,
/E6090A9A492A1EA9E424F19030DFCA8D,"social media, community direction, PR",
/3185A5694D8C405D9E1585AF82672DF4,"tech art, VFX, lighting",
/C38DF4B94E516E4CA855ADA25B5CCD47,"writing, narrative design",
/2D1F87A245C3ECA2ED8CCD9706826562,"{1}
{0} is current language ",
/F7A7C4914DEC50C674B5CB8283D86FE5,"{1}
{0} is current language ",
/E73624574DBB32C7EFA4139CCDB8A90C,"© EggNut, 2021",
/FFB4D4014563CF2D44BE289C39A8786C,“Abode”,
/FE60EA50408F52F422B0F1909E274AFF,“Beyond the Smoke Screen”,
/5019E6994C31FBD80DB3B58D8F086FB8,“Calling”,
/F16325934057ECBEDD8B06BE9272122F,“Clip UP and Let’s Go”,
/18F3CE2F49D12AA491E0A787BED4C2D2,"“Coming Home” ",
/76082DD64AB3E700E4F559BA1EBEA494,“D.O.B.”,
/2A2F63B94C5D351F9931BC819747F24E,"“Endless February, Pt.1”",
/EB00C62F4A2962603C480786B0324DF1,"“Endless February, Pt.2”",
/99682FF342B313D4363F228B79702B84,“Grinding for Life”,
/160818C24DA95055E6CB3BB8A8942EBD,“Housing Supply”,
/FD1BE1C94CB6B7C648CCB0B7402C58E2,“I Wonder”,
/98B63DDD4ADE3E88596CC8B03070056F,“My Heart Feels Small Today”,
/4A4A79AE48FD099220DCA2A7E8FA9F77,“Not Trapped Yet”,
/F78BBEC04EF5C8719266E1A782DDAD4D,"“Not Your Usual Night” ",
/620EA71348F0841E5C835FA509AB2F00,“Of a Soul Withering in the House of Flesh”,
/0E58728145E192340529868F6A1E17DC,“Post-Colonial Hangover”,
/91A3008C408873C710A11EABBF009F88,“Public Disquiet”,
/1F3024794CFFFC26C2EC02A22128B7FF,"“Rainy Streets” ",
/8557C63D43EE16655244BEB272AEA962,“Screaming Lights”,
/0B45C6A54644F8B83FD505A25DDDBECD,“Starling”,
/2321D3FA4FA8EBD96BBB3D8C65DACBBC,“Stay With Me”,
/01B5F74C46D3082C204EDB9E302D3C82,“Storming The Gate”,
/5160FEE345A73A1292630DBF22970500,“Stub My Cigarette Out on Your Tail”,
/2EB4495A49967660AB0E4AB4C9F5A8E7,“The Fall Of Man”,
/91F66C0C4473865C24B845B911FBAA69,“The Warmth of Parents’ Hands”,
/14261BD949FFD04C2D5ACF9F020AA927,“There Go the Clouds”,
/B16ACAA9455762F3CE993B8BF9E4D0C7,“There Goes the Sun”,
/1A17B15646424BC7AD411499F230547E,“To Be Changed”,
/D54E244045F08F7168B3118340CC84C6,“Who Poisoned the Soup”,
